Scale,Physics-based methods,Data-driven methods,Hybrid methods
Global,0.10526315789473684,0.8947368421052632,0.0
Regional,0.25806451612903225,0.6854838709677419,0.056451612903225805
City,0.55,0.25,0.2
Community,0.75,0.125,0.125
